31|Abscond|hide, run secretly|Since he committed murder he has been absconding.
32|Affray|public brawl|The timely action of the police averted serious mishap of the affray between the two communities.
33|Annihilate|destroy|The use of nuclear weapons is likely to annihilate humanity.
34|Affable|amiable, pleasing|His affable manners always win him admiration in the society.
35|Amplify|enlarge|The students requested the teacher to amplify upon the point under discussion.
36|Amalgamate|combine, unite in one body|The two firms were amalgamated under the Chairmanship of Mr. Mukesh Ambani.
37|Appease|pacify, soothe|Every political party tries to appease the minorities to create its own vote bank.
38|Apprise|inform|The Minister was apprised of the dangerous situation.
39|Arduous|hard, strenuous|A journey to Amarnath Shrine is very arduous.
40|Apprehend|arrest, fear|Everybody apprehends trouble in the city on account of the abduction of an industrialist.
41|Ameliorate|improve|Unless we ameliorate the condition of the working class, we cannot expect the prosperity of the country.
42|Adulation|praise, flattery|False adulation of the leaders by their followers is a common practice these days.
43|Animosity|active enmity|Animosity between the two leaders has embittered the relations between the two communities.
44|Audacity|boldness|He is feared for his audacity and unyielding attitude.
45|Amnesty|general pardon|On the birth day of the Prince, the King granted amnesty to the prisoners.
46|Ancillary|accessory|He is serving in the ancillary unit of a multinational company.
47|Agrarian|of land, farming|Inspite of agrarian reforms, Indian agriculture has not shown remarkable progress.
48|Acumen|mental keenness|The Jews are known for their business acumen.
49|Abrasive|offensive|Nobody likes her for her abrasive and haughty behaviour.
50|Amulet|charm against evil|The saint gave him an amulet to ward off the evil.
51|Benevolent|generous, charitable|He is noted for his benevolent nature.
52|Biennial|every two years|The meeting of the members of the Trust is held biennially.
53|Belated|delayed|He was sorry for making belated payment.
54|Beguile|delude, cheat|Don't be beguiled by the pleasant manners of hypocrites.
55|Behove|suited to befit, become|It does not behove our political leaders to berate one another for failure in the field of economy.
56|Banal|commonplace, trite|The stories of Ruskin Bond are not banal because he writes about uncommon subjects.
57|Brazen|insolent, impudent, impertinent|Her brazen behaviour at the party offended her poor relations.
58|Bouquet|bunch of flowers|He presented a bouquet to his ailing mother.
59|Brooch|ornamental clasp|She always wears a brooch on her pullover.
60|Blatant|openly shameless|His behaviour was condemned as blatant when he blamed his father for his own misdeeds.
61|Bantering|ridicule (good natured)|Even his bantering was considered offensive.
62|Broach|open up discussion|The parents of the boy did not even broach the issue of marriage with Reena.
63|Bereft|deprived of, lacking|Bereft of wealth and honour, he died miserable death.
64|Benefactor|gift giver, patron|Lord Chesterfield did not prove benefactor to Dr. Johnson in the long run.
65|Benediction|blessing, boon|The benediction of the elders should always be valued more than anything else.
66|Bleak|dismal, gloomy|Khayber Pass is bleak throughout the year.
67|Bonanza|windfall, sudden gain|The legacy left by his uncle proved bonanza for him and his family.
68|Belittle|disparage, underestimate|Our adversaries always try to belittle our success.
69|Bellicose|warlike, militant, belligerent|India must adopt bellicose approach with regard to her security problems.
70|Bereavement|death of near and dear one|On account of bereavement in the family, he did not attend office for days together.
71|Bigotry|fanaticism|Indians are always shocked at the bigotry and narrow mindedness of other races.
72|Berate|scold strongly|The father berated his son for being negligent in his study.
73|Beneficiary|person entitled to benefits|Those living below poverty-line are the beneficiary of this scheme.
74|Betroth|engaged to marry|She was betrothed to her fiance last month.
75|Brochure|pamphlet with information|The brochure supplied by the Institute provides all the information that you need.
76|Bestow|confer, give|Nature has bestowed many gifts on man.
77|Bid|effort, order, auction|He was caught while making a bid on her life.
78|Baneful|ruinous, poisonous|Drugs have baneful effect on the mind of the youth.
79|Bravado|swagger, false courage|Retired soldiers often assume the airs of bravado.
80|Besmirch|defile|The opposition always tries to besmirch the reputation of the ruling party.
81|Bovine|of cow|She is bovine by nature while her sister is haughty.
82|Baffle|perplex, frustrate|A wrong signal was sent to baffle the enemy.
83|Berserk|frenzied, amuck, amok|The police went berserk and began to lathicharge the crowd demonstrating peacefully.
84|Boutique|store for fashionable clothes|My friend runs a boutique in the heart of the city.
85|Breach|breaking of contract/duty, peace, rift|Anti-social elements were rounded up for fear of breach of peace.
86|Bizarre|grotesque, awkward|The gentry present in the club were not expected to behave in a bizarre manner.
87|Bode|foreshadow, foretell, augur|Frequent elections in the country do not bode well for democracy in India.
88|Blasphemous|impious, irreligious|Blasphemous acts always lead to communal riots.
89|Chide|scold|Lata was chided for coming late to the meeting.
90|Conversant|familiar|A good citizen is supposed to be conversant with the rules of the road.
91|Capricious|fickle, unstable, faithless|Capricious persons change their mind frequently without any reason.
92|Caption|title|Please give a suitable caption to this picture.
93|Carnage|destruction of life, massacre|The use of atomic weapons can cause carnage that is impossible for human mind to foresee.
94|Clemency|leniency, mildness, kindness|A judge should never dispense with clemency while dealing with criminals.
95|Chaste|pure, virtuous|She is known for her chaste character.
96|Cogent|convincing, forceful|He could not offer any cogent reasons for his absence.
97|Compatible|harmonious, suitable|They always had compatible relations because there was deep understanding between them.
98|Collusion|conspiracy, nexus|The local M.P. was found in collusion with the smugglers operating in the town.
99|Contingency|emergency|My father always maintains contingency fund to meet with unforeseen expenses.
100|Condone|overlook, forgive|His fault is too serious to be condoned.
101|Consensus|general agreement|A good government can be run efficiently by consensus among all the parties.
102|Corroborate|confirm|I am speaking the truth and my father is sure to corroborate my statement.
103|Crestfallen|dejected|On account of heavy loss in business, he is crestfallen these days.
104|Conclave|private meeting|Both the enemies agreed to hold a conclave without the presence of a third party.
105|Construe|interpret|It is difficult to construe the working of laws of Nature.
106|Cryptic|mysterious, hidden|She was never forthcoming in her replies which were wholly cryptic.
107|Calamity|natural disaster|Though man claims to have conquered nature, he is frequently struck by calamities.
108|Commensurate|equal in proportion|The income of Indian farmer is hardly commensurate with the labour he has to do.
109|Commodious|spacious, comfortable|He has built a commodious house because his sister is likely to live with him.
110|Capitulate|surrender|After long encounter the militants had to capitulate.
111|Compunction|feeling of regret, remorse|Even the hard core criminals felt compunction at the injustice they had done to the family of their rivals.
112|Canine|of dog|The flatterers follow their masters with canine faithfulness.
113|Callow|inexperienced|Though he is a callow now, he will gain experience by and by.
114|Chagrin|annoyance, disappointment|The defeat of our team filled us with chagrin.
115|Censure|blame, criticise|Censure Motion in the Parliament could not be tabled for want of quorum.
116|Calibre|capacity, talent|His calibre for doing work in a meticulous manner is always appreciated.
117|Cede|transfer title (land)|India should never cede an inch of land to any foreign country.
118|Chauvinist|blindly devoted|A chauvinist is incapable of realizing his fault in his thinking.
119|Celestial|heavenly|The study of celestial bodies always interests me.
120|Clandestine|secret|Clandestine activities of the smugglers are well-known to the police.
121|Covert|hidden, implied|The covert warning he gave to me opened my eyes to the reality of the situation.
122|Catastrophe|calamity|A catastrophe in the form of cyclone has struck the coastal cities of India.
123|Condolence|sympathy|I visited my friend to offer condolence on the death of his uncle.
124|Chastise|punish|Rita was chastised for her unruly behaviour in the presence of the guests.
125|Connivance|pretence of ignorance, overlook|Criminals have been carrying on their nefarious activities with the connivance of the police.
126|Contraband|illegal goods|Customs Department has not been able to stop traffic in contraband goods.
127|Countermand|cancel, revoke|The Election Commission has countermanded the election of the M.L.A. for over spending in elections.
128|Colloquial|pertaining to conversation|Colloquial language should be simple and easy.
129|Conflagration|widespread fire|As long as the nuclear arsenal exists in the world, there is every possibility of nuclear conflagration.
130|Compliant|docile, flexible|He is admired for his compliant nature.
131|Cliche|stereotyped phrase|I never listen to the speeches of the leaders because they are always full of cliches.
132|Condign|adequate, rigorous|No punishment, whatsoever is condign for a rapist.
133|Congregation|religious gathering|The militants did not hesitate in throwing bombs at the congregation gathered in the religious place.
134|Chary|cautious, watchful, wary|We should be always chary of the strangers.
135|Coerce|force, repress|She was coerced by her husband into bringing money from her parents.
136|Confound|confuse|On seeing the ghastly sight of murder, everyone was confounded.
137|Cache|hiding place (store)|Cache of illegal arms was recovered by the police.
138|Cavil|find fault|Please don't cavil about unimportant matters.
139|Charisma|popular charm, spiritual grace|Swami Vivekanand always stood out in the crowd because of charisma reflected on his face.
140|Castigate|punish|The thief was castigated by the police.
141|Carping|find fault|Carping critics were responsible for the miserable life of the English poet, John Keats.
142|Dauntless|bold, brave|Shivaji was a dauntless warrior.
143|Decry|disparage|You can't gain anything by decrying the success of your rivals.
144|Devoid|lacking|I cannot trust him because he is devoid of sense of right and wrong.
145|Dearth|scarcity|There is no dearth of talent in India but it has remained unexploited.
146|Deference|regards for another's wish|We are advised to act in deference to the wishes of our parents.
147|Dubious|not certain, doubtful, suspicious|He is dubious about the scheme made by his friends.
148|Deleterious|harmful|We should always beware of the deleterious effect of overeating.
149|Defile|pollute, profane|One should never defile sanctity of religious places so as not to hurt the sentiments of others.
150|Deterrent|discouraging|India must possess nuclear weapons so that they may act as deterrent for her hostile neighbours.
151|Dilapidation|state of ruins|Ancient monuments in our town are in the state of dilapidation.
152|Disdain|treat with scorn|He always disdains what he considers dishonest.
153|Dire|disastrous|In the interest of National Security, we must not be intimidated by the dire consequences of economic sanctions.
154|Dissipate|squander, waste|India cannot afford to dissipate the forest resources.
155|Devout|religious, pious|My mother is devout and God fearing.
156|Dint|means, effort|You can attain success by dint of hard work.
157|Dormant|torpid, hidden, latent|Adversity brings out dormant qualities in a person to overcome the problems.
158|Divulge|reveal, unravel|He tried to gain my favour by divulging the secrets of my friends.
159|Defunct|no longer in use|The defunct machinery in the factory was sold as scrap.
160|Delusion|false belief|He is under the delusion that he can succeed without hard work.
161|Deplete|use up, reduce|The prolonged drought depleted the water resources of the region.
162|Debauch|corrupt morally|He debauched his youth in idle pleasures.
163|Dovetail|fit together|The plans of the two departments dovetail perfectly.
164|Decoy|lure, trap|The police used a decoy to catch the smugglers.
165|Daunt|discourage|Don't be daunted by failure.
166|Delete|remove, erase|The objectionable passages were deleted from the report.
167|Deride|mock, ridicule|They derided his efforts to reform the system.
168|Despise|look down upon|She despises hypocrisy in any form.
169|Debacle|sudden collapse|The party suffered a debacle in the elections.
170|Deployment|strategic positioning|The deployment of troops along the border was increased.
171|Diffident|lacking confidence|She was too diffident to speak in public.
172|Dynamic|energetic|At this critical juncture, India needs dynamic and sagacious political leaders.
173|Dilemma|in a fix|He is in a dilemma over the choice of career.
174|Despotism|tyranny, absolute rule|Despotism has no place in a democratic society.
175|Dexterous|skillful|He is dexterous in handling delicate situations.
176|Detrimental|harmful|The foreign aid has proved to be detrimental to our economy.
177|Desecrate|violate sanctity|One should never desecrate places of worship.
178|Diversity|variety|India is known for its cultural diversity.
179|Dulcet|sweet sounding|The dulcet tones of the flute filled the hall.
180|Demise|death|The demise of the leader was mourned by the nation.
181|Demolition|destruction|The Municipal Corporation has started demolition campaign to clear up encroachment.
182|Deranged|insane, mad|None but a deranged person could have behaved in such an irresponsible manner.
183|Demur|delay, hesitate|A practical man would never demur to avail himself of every chance.
184|Demure|shy, quiet|She is both demure and introvert.
185|Dilatory|causing delay|Many politicians consider dilatory tactics as an art of politics.
186|Deteriorate|get worse|The condition of the patient has deteriorated.
187|Extinct|out of existence|Many species of flora & fauna have become extinct.
188|Emaciated|thin and wasted|On account of poverty and starvation most of the children are emaciated.
189|Elucidate|explain, enlighten|The Government had been asked to elucidate their economic policy.
190|Engross|fully absorbed|She did not talk to me because she was engrossed in writing a letter.
191|Enormity|great wickedness|He is a hardened criminal and is insensitive to the enormity of his crimes.
192|Extant|in existence|Many of the ancient documents, still extant tell us about the diversity of Indian culture.
193|Ecstasy|rapture, joy|On hearing of the sudden financial wind fall, the family was in ecstasy.
194|Effigy|dummy|The effigy of the American President was burnt by the crowd when the unfavourable remarks against India were made by him.
195|Exorbitant|excessive|It is very difficult to hire taxi because of the exorbitant charges.
196|Embezzlement|misappropriation|Most of the politicians involved in the embezzlement of public money are still at large.
197|Emanate|issue from|This letter emanated from the central office.
198|Enamoured|in love, fascinated|Every member of the picnic party was enamoured of the scenic beauty of the landscape.
199|Exonerate|acquit, exculpate|After long legal battle, he was exonerated of murder charges.
200|Expunge|delete, cancel|I shall request the Principal to expunge the unfavourable remarks from your annual report.
201|Extol|praise, glorify|Every Indian extolled the achievement of the Govt. in curbing the militancy in the state.
202|Emulate|imitate, follow|We must emulate the ideals of Netaji to make our country strong and invincible.
203|Enhance|increase, improve|The judicious use of cosmetics enhance the natural charms.
204|Estranged|separated|The estranged husband and wife are living separately.
205|Expediency|advisable, practical|Those who hanker after material gains are often guided by expediency and not by moral sense.
206|Extraneous|not essential, external|Bigotry is extraneous to the basic tenets of Hinduism.
207|Extort|get money by threats|Anti-social elements are busy in extorting money from the businessmen with the connivance of the police.
208|Evasive|not frank, avoiding|The police could not make out anything of her evasive replies.
209|Ennui|mental boredom|The modern youth suffer from feeling of ennui since they are not engaged in any constructive work.
210|Exquisite|beautiful|The picture hanging on the wall is an exquisite work of art.
211|Encomium|praise|Every member of the family showered encomium on his grand success.
212|Erode|decay|The desire for material success has eroded our concern for the poor.
213|Erudite|learned, scholarly|His writings are not erudite but they are read with keen interest.
214|Eschew|avoid, give up|We must eschew violence in dealing with national issues.
215|Epoch|period of time, era|The exact duration of Indus Valley Civilization epoch has not been determined so far.
216|Equanimity|calmness|We must bear the hardships with equanimity.
217|Enormous|huge, immense|On account of fire there was enormous loss of goods and property.
218|Endemic|prevailing in a region|Goitre is endemic in the hilly areas for want of iodine in water.
219|Expiate|atone for|He is ready to expiate his sins by giving up irresponsible way of life.
220|Embellish|decorate|The writers generally embellish their style by the use of unnecessary imagery.
221|Ecology|science of environment|Ecology is the study of environment.
222|Egregious|exceptional (crime)|It is difficult to reform him because he is an egregious criminal.
223|Exodus|departure (large scale)|The exodus of the Hindus from Kashmir valley is deplorable.
224|Errant|erring from right path|Many errant students were punished.
225|Errand|short visit to fetch something|My servant has gone on errand to fetch rations.
226|Erroneous|incorrect, mistaken|It is erroneous idea on your part that he will return home at last.
227|Envisage|foresee in mind|It was difficult for everyone to envisage the loss in such a profitable venture.
228|Emancipate|make free|Raja Ram Mohan Roy tried to emancipate women from many social evils.
229|Flagrant|glaring, openly wicked|It is not easy to pardon such flagrant violation of the decorum of the House.
230|Fickle|changeable, faithless|Fickle minded persons cannot be relied upon.
231|Filial|of son or daughter|Children must fulfil their filial duties towards their parents.
232|Fray|brawl, contest|The miscreants involved in the fray were arrested by the police.
233|Facile|easy, expert|India could achieve facile victory in the match yesterday.
234|Fallible|liable to err|Man is fallible.
235|Fervent|ardent, warm|My friend was accorded fervent welcome on his arrival.
236|Fete|outdoor entertainment, carnival|A charity fete was held in our college yesterday.
237|Fictitious|imaginary|Don't believe his story because it is just fictitious.
238|Foolhardy|rash, reckless|Many believe that trying for impossible things is foolhardy attempt.
239|Fiat|command|The Court issued a fiat to both the parties to maintain status quo.
240|Finale|conclusion|The finale of the match was very interesting.
241|Fitful|spasmodic, intermittent|You are not going to achieve anything by pursuing fitful study.
242|Fraught|filled, threatening|Security problem on our borders is fraught with danger.
243|Fortitude|bravery, courage|One must face the problems of life with fortitude.
244|Feasible|practicable|We must execute proposal that is feasible.
245|Ferment|agitation, commotion|During Quit India Movement, the whole nation was in ferment.
246|Franchise|right by government to vote or trade|The Mughals granted franchise to East India Company to carry on trade in India.
247|Foible|weakness|Man is subject to foibles and frailties in life.
248|Flaunt|display ostentatiously|The rich are in the habit of flaunting their material achievements.
249|Flout|reject, mock|No good citizen will flout the rules of the road.
250|Foment|stir up, instigate|The decision of the Govt. is likely to foment disagreement among the opposition parties.
251|Furtive|secret, stealthy|She entered the room with furtive steps to avoid the attention of the teacher.
252|Frantic|excited, wildly|Frantic efforts are going on on the eve of the visit of the Prime Minister.
253|Frigid|intensely cold|One must not be frigid in one's attitude towards his near and dear ones.
254|Flair|talent|Our Prime Minister has flair for glib talk.
255|Faux pas|an error in manner or behaviour|Her thoughtless remarks in the meeting were a faux pas and amused everyone.
256|Flux|flowing, changing|No foreign investor would like to invest in a country where the state of economy is in a flux.
257|Fracas|noisy quarrel|The mob gathered in the street when there was fracas between the two neighbours.
258|Freak|unusual, abnormal|It is just an example of his freak behaviour because he normally doesn't behave in this manner.
259|Fawning|flattering|One must be wary of fawning admirers because they have always an axe to grind.
260|Fecundity|fruitfulness|The fecundity of a poet's imagination makes a poem an exquisite work of art.
261|Foray|raid|The foray against the enemy outpost met with an unexpected success.
